kngfox: @zeldris_the_executioner ele da muita vis√£o de mapa, e ajuda mtu na hora do jg poder gankar ou evitar um gank, ele mant√©m press√£o de mapa das lanes, caso suas lanes estejam vencendo...
moreeno01: s
lucasgabo41: !catapa
priestbot: O YoDa perdeu a catapa pela 360 vez.
wtfaoki: I CAN FLY MercyWing1 PinkMercy MercyWing2
flokivkr: !followage
priestbot: flokivkr has been following yoda for 5 months 5 days (155 days).
aminlol: jukes mais perdido q lee sin em tiroteio LULW
lucapmin: !jukes
priestbot: YOOOOOOOOODA QQ C√ä TA FAZENDO MENOR SwiftRage SwiftRage
poneihetero: MercyWing1 HappyJack MercyWing2 MercyWing1 HappyJack MercyWing2 MercyWing1 HappyJack MercyWing2 MercyWing1 HappyJack MercyWing2 MercyWing1 HappyJack MercyWing2 MercyWing1 HappyJack MercyWing2 MercyWing1 HappyJack MercyWing2 MercyWing1 HappyJack MercyWing2 MercyWing1 HappyJack MercyWing2 MercyWing1 HappyJack MercyWing2
brunaguexx: podre cre hein viado
teteuhenrique43: viado
zeldris_the_executioner: @isscript vis√£o de q? KKKKKKKK eu fa√ßo drag o dia inteiro pulando wall e burlando a "vis√£o" do aronga
wallace_s_a: podecre viado
kalanaa: !followage
priestbot: kalanaa has been following yoda for 2 years 3 months 17 days (837 days).
gnrezende: lago
priestbot: yodaPogChamp SEH LOIRO yodaPogChamp Instagram . . . . . . . . . . . . instagram.com/sehloirooficial Twitter . . . . . . . . . . . . . . . . . . twitter.com/oficial_sl Facebook . . . . . . . . . . facebook.com/SehLoirooficial
danielrecifense: !uptime
priestbot: yoda est√° streamando h√° 6h 25m 23s
funnydelete: chat ta lento hj
louloch: KappaPride
ahseuvou21: !gratis
priestbot: EU TO TILTADO CARA?! SwiftRage
antonioinacio14: !catapa
priestbot: O YoDa perdeu a catapa pela 361 vez.
poneihetero: MercyWing1 HappyJack MercyWing2 MercyWing1 HappyJack MercyWing2
mc0nde: I CAN FFLYYYYY
acetrainer_: Oque √© esse simbolo na cabe√ßa do Ryze?
jhonyshadow: a quem flai
nunexnunes: !followage
alanzoka1v: hh
saulo_deff: MercyWing1 cmonBruh MercyWing2
marca_se_for_otaku: i believe I CAN FLY ?
priestbot: Entre no site da Lolja e confira todos os produtos do YoDa htt
jeancarlomj12: ????????????
mrslolzin: MercyWing1 CurseLit MercyWing2
gabrielf: HYPERBASS HYPERBASS HYPERBASS HYPERBASS HYPERBASS HYPERBASS HYPERBASS HYPERBASS HYPERBASS HYPERBASS HYPERBASS HYPERBASS HYPERBASS HYPERBASS HYPERBASS HYPERBASS HYPERBASS HYPERBASS HYPERBASS HYPERBASS HYPERBASS HYPERBASS HYPERBASS
juba125: MercyWing1 MercyWing2 MercyWing1 MercyWing2 MercyWing1 MercyWing2 MercyWing1 MercyWing2
otakugam300: e o pimp cd elel?
poneihetero: MercyWing1 HappyJack MercyWing2 MercyWing1 HappyJack MercyWing2 I CANT FLY
me_nota_yoda_senpai: @MARCA_SE_FOR_OTAKU
lordtyto: 2
reuqlauqemon: @zeldris_the_executioner haHAA
legiontesta: @AceTrainer_ ele √© o vilao do garen
joaking4321: pqp jukes s√≥ vai chorar dnv
zthuundera: @zeldris_the_executioner kkkk amanh√£ tem escola amigo, vai dormir
adailtonjns: NA R
isscript: @zeldris_the_executioner vc e main ze ruela so se for
laloplay1: @AceTrainer_ ult do garen
otakugam300: @MARCA_SE_FOR_OTAKU
estevanoln: @acetrainer_ marca do garen
acetrainer_: Ah sim, thx
gdmito: Pog
vingadivo: PogChamp
pedrocamartins: ULT PRA FARMAR
mc0nde: MercyWing1 MercyWing2 MercyWing1 MercyWing2 MercyWing1 MercyWing2
chathiago1v9: @AceTrainer_ √© a passiva do garen, marcou ele pq ele √© o mais forte do time inimigo
eu_o_igor: Kreygasm Kreygasm Kreygasm Kreygasm Kreygasm
adailtonjns: @MARCA_SE_FOR_OTAKU
ursinhu_fluflu: Kreygasm Kreygasm Kreygasm Kreygasm Kreygasm Kreygasm
suportetecnico: pog
fumacinhax: famoso R pra limpar wave
acetrainer_: Vlw galera
isackina: AngelThump
willian848: na ult
ramongerimini: rf
pedrosergio008: Yofarme
gabrieldait: Kreygasm
kenesi1: @AceTrainer_ marca da ult do garen
vingadivo: ULT PEGOU TODOS POG
rezendesleeper: LUX TAVA BAN?
miteriano: mo bom
matadorleal: SO OS FERRO 7 FALANDO NA R
jeancarlomj12: E ESSA MARCA DO RYZE ?????KK
micaelxavier: MercyWing1 LUL MercyWing2
viniokta: Kreygasm
soulseupecado: YODA KEIMA ROSK
alanzoka1v: yoda passando a fome salve
yan10br: PogChamp R
akagamik: Kreygasm Kreygasm Kreygasm Kreygasm
realpredator5: LUL
6imatux9: yodaPogChamp yodaPogChamp yodaPogChamp yodaPogChamp
cellx: Kippo
kelvendorneles: !jukes
priestbot: YOOOOOOOOODA QQ C√ä TA FAZENDO MENOR SwiftRage SwiftRage
matheus25422: ULT Kreygasm
lcsamericanosz: !followage
priestbot: lcsamericanosz has been following yoda for 1 years 1 months 27 days (422 days).
thrapz: god
mc0nde: MercyWing1 FBtouchdown MercyWing2
xxxzerotwo: chat ferro do caralho
seaquake1: @MARCA_SE_FOR_OTAKU
jenifer_talia: q delicia
lukasunderjooj: !followage
tomoko_sastin: r pra limpar wave, anivia tava ban?
rbdiogenes: @zeldris_the_executioner mama aqui vai otaku burro
srzanette: NA ult pq ? MP
juniinhooplay: POG R
miguelstreamer_: MALPHITE TAVA BAN?
sakuranatsukii: GO ZEI
b13l_m: CHAT PUSSY
cellx: Keepa
theghostofpimba: 2 min de cowdown slc
marca_se_for_otaku: Otakus in 2k19 Pog
kin199x: VIKTOR POGGERS
cellx: Kappo
draxz_jota: ACTION LUX TAVA BAN?
3led: ULTIMATE SATISF√ÅTORIA
danielmaximus2: yodaaaaaaaaaaaaaaaaaaaaaaaaaaaaaaaaaaaaaaaaaaa
kalilzeira: !followage
priestbot: kalilzeira has been following yoda for 1 years 10 months 22 days (687 days).
darknessberserk: quem √© mais roubado late penes ? ryze ou victtor?
mrslolzin: MercyWing1 CurseLit MercyWing2 MercyWing1 CurseLit MercyWing2 MercyWing1 CurseLit MercyWing2 MercyWing1 CurseLit MercyWing2 MercyWing1 CurseLit MercyWing2 MercyWing1 CurseLit MercyWing2
selekcc: GAREN WTF
nandafrance: entendi nd mas na chat
observar_e_absorver: passiva garen
danielxdd45: musicas do yoda sao mt pog man
norms10: TARADO DO ARONGUEJO
iyoshida: para de digitar e aprende chat 4Head
muriloboladaum: !followage
priestbot: muriloboladaum has been following yoda for 2 years 6 months (910 days).
arelendax: POGGERS
vingadivo: ryze se feedado e mais forte
mc0nde: MercyWing1 EntropyWins MercyWing2
rafarundiss: tarado do arongueijo
dantinferno: Z√â AROBGUEJO
darkjoo1: ‚ñë‚ñë‚ñë‚ñë‚ñë‚ñë‚ñë‚ñÑ‚ñÄ‚ñì‚ñí‚ñí‚ñí‚ñí‚ñë‚ñÄ‚ñÑ------- ‚ñë‚ñë‚ñë‚ñë‚ñë‚ñë‚ñÑ‚ñÄ‚ñì‚ñí‚ñí‚ñí‚ñë‚ñë‚ñë‚ñë‚ñë‚ñÄ‚ñÑ----- ‚ñë‚ñë‚ñë‚ñë‚ñë‚ñà‚ñì‚ñí‚ñí‚ñí‚ñë‚ñë‚ñÑ‚ñë‚ñë‚ñë‚ñë‚ñë‚ñë‚ñà---- ‚ñë‚ñë‚ñë‚ñë‚ñë‚ñà‚ñì‚ñí‚ñí‚ñë‚ñë‚ñë‚ñì‚ñë‚ñë‚ñë‚ñë‚ñë‚ñë‚ñà---- ‚ñë‚ñë‚ñë‚ñë‚ñë‚ñà‚ñì‚ñí‚ñí‚ñë‚ñë‚ñÑ‚ñà‚ñÑ‚ñë‚ñë‚ñë‚ñë‚ñë‚ñà---- ‚ñë‚ñë‚ñë‚ñë‚ñë‚ñà‚ñì‚ñí‚ñí‚ñÑ‚ñÄ‚ñì‚ñí‚ñí‚ñÄ‚ñÑ‚ñë‚ñë‚ñë‚ñà---- ‚ñë‚ñë‚ñë‚ñë‚ñë‚ñë‚ñÄ‚ñà‚ñÄ‚ñì‚ñì‚ñí‚ñí‚ñí‚ñí‚ñí‚ñÄ‚ñà‚ñÄ----- ‚ñë‚ñë‚ñë‚ñë‚ñë‚ñë‚ñë‚ñà‚ñì‚ñì‚ñí‚ñë‚ñë‚ñë‚ñë‚ñë‚ñí‚ñà------ ‚ñë‚ñë‚ñë‚ñë‚ñë‚ñë‚ñë‚ñà‚ñì‚ñí‚ñì‚ñí‚ñë‚ñë‚ñë‚ñí‚ñì‚ñà------ ‚ñë‚ñë‚ñë‚ñë‚ñë‚ñë‚ñë‚ñà‚ñì‚ñí‚ñí‚ñì‚ñí‚ñë‚ñí‚ñì‚ñë‚ñà------ ‚ñë‚ñë‚ñë‚ñë‚ñë‚ñë‚ñë‚ñà‚ñì‚ñë‚ñë‚ñí‚ñì‚ñí‚ñì‚ñë‚ñë‚ñà------ ‚ñë‚ñë‚ñë‚ñë‚ñë‚ñë‚ñë‚ñà‚ñì‚ñë‚ñë‚ñë‚ñì‚ñì‚ñí‚ñë‚ñë‚ñà------ ‚ñë‚ñë‚ñë‚ñë‚ñë‚ñë‚ñë‚ñà‚ñì‚ñí‚ñë‚ñë‚ñì‚ñë‚ñë‚ñë‚ñë‚ñà-----
marlonalbert: que porra √© essa de "uh oh could not connect" ?????
edutfreitas: !followage
capivaraafricanaa: caule
sakuranatsukii: CAUULE
mth1199: PQ CARALHOS FICA APARECENDO UH OH COLD NOT CONNECT NA LIVE DO YODA TOMA NO CU
gekkyuume: TARADO DOS ARONGA
miguelstreamer_: CAULE
me_nota_yoda_senpai: HENTAI Pog
ziatannn: ACTION @darknessberserk claro que o ryze
patogago13: CAULE POG
capivaraafricanaa: CAULEZADA
ial0nexd: caulezada
juniinhooplay: SE FOR O RYZE DO ENVY PODE DAR FF
themakercosmic: MASHMELLO POG
solado_pelo_aronga: 8uuuuuuuuuuooooooooouuuuhjo
raulzito10: @marlonalbert TBM QUERIA SABER
ilawyettz: @ME_MARCA_QUEM_JA_BATEU_UMA
lucasnasc302: !playlist
priestbot: http
giulianomantuano: caule open
alanrei69: CAULE OPEN? LUL
kodakgamer6: @marlonalbert tbm quero saberr
arturgtgat: Kk tarado do aronga
fuzionbladegunz: +18
alexbenkendorf: CAULEDOG
me_nota_yoda_senpai: SEXO
dantinferno: ARONGUEJO > DRAKE
aminlol: SALVE
menordzeroh: SE TIVESSE DE SYLAS SERIA DIFERENTE EM
fuuujiii: amanha meio dia
capivaraafricanaa: CAULEZADA CAULEZADA CAULEZADA CAULEZADA CAULEZADA CAULEZADA CAULEZADA CAULEZADA CAULEZADA
ruknows: so aparece essa msg de uh oh quem tomou ban na live do yoda
thiago5906: ryze e kha'zix ryze ta de biscoito credooooooooooooo
rodregson: HIIIIIIIIIIIIIIIIIIIIII
felipovoid: toda vez que entro na steam no yoda ele ta 0/2
me_nota_yoda_senpai: KappaPride
starklol157: KappaPride
tributobr: KappaPride KappaPride KappaPride
reibarbudo: YO C9
victorhugobarbozza: @yoda JUKES NAO DEU NEM A KILL NEM O DRAG AUAHUAHA
xdekomorix: !followage
kevynsant: se o jg estava drag, pq ele wardou o top?
priestbot: yodaPogChamp SEH LOIRO yodaPogChamp Instagram . . . . . . . . . . . . instagram.com/sehloirooficial Twitter . . . . . . . . . . . . . . . . . . twitter.com/oficial_sl Facebook . . . . . . . . . . facebook.com/SehLoirooficial
priestbot: xdekomorix has been following yoda for 4 years 1 months 28 days (1518 days).
tioobvio: YOD√ÉO T√Å PARECENDO UM CRACUDO, JESUS BibleThump BibleThump BibleThump BibleThump BibleThump BibleThump BibleThump BibleThump BibleThump BibleThump BibleThump BibleThump BibleThump BibleThump BibleThump BibleThump BibleThump BibleThump BibleThump
rbdiogenes: vish vai comer o gabas? @YoDa
micaelxavier: MercyWing1 KappaPride MercyWing2
maestria: IRL ALMO√áO
destroidfextron: garen pog
lemonshead: caralho, Garen apagou a Quinn
starklol157: yoc9
vinystark: Jukera contratou v√°rios escravos
rafote: C9 Yoda confirmado
kiiing7: !followage
priestbot: kiiing7 has been following yoda for 2 years 3 months 12 days (832 days).
priestbot: Quer virar sub e poder usar os emote
thsxuza: C9 YODA
david_hyung_: !followage
felippemad: musica???
anthonyes1: tsm yoda
mikebennigton: na gank
soldadovelho: !jovirone
priestbot: Entre no site da Lolja e confira todos os produtos do YoDa htt
i_lipe: Almo√ß
priestbot: Siga o YoGamers do Bem no instagram pra ficar por dentro de todas as novidades instagram.com/yogamersdobem/
miguelstreamer_: C9 YODA
jorgeuzumaki3: pensei q ele tava tryhard
capivaraafricanaa: @tioobvio vc era o tioobvio do YouTube?
zeldris_the_executioner: continuem se matando pro aronga enqt eu fa√ßo os camps que d√£o 3x mais xp e gold ae
luiz_1203: C9 Yoda PogChamp
omaisbrooken: C9 YODA
edutfreitas: !followage
priestbot: edutfreitas has been following yoda for 1 years 5 months 17 days (532 days).
egorthevirtuoso: AE YODAO TU DEU SORTE MANO
juniinhooplay: !jovirone
vinipike: ALMO√áO = REUNIAO PRA CONCILIAR PRO PLAYER E STREAMER
gil_donatello: c9 yoda
leonarito: c9 YODA
soldadovelho: !jovi
priestbot: CHAMA NO BRESQUE 4Head
griindevaldo: !playlist
priestbot: http
rodregson: @YoDa PC RODREGSON PogChamp
felippemad: musica ??
d3d1n40: ghost sentido
rcwalger: C9 YODA IS REAL
marcel0ve: lucas e da twitch seus idiotas
le0gm: !elo
priestbot: ACTION ELO NA MAI
by_hawk: jukes ta streamando?
juniorlkk: C9 YoDa
soldadovelho: !rakin
rezendesleeper: famoso 3 spell
seaquake1: q C9 oq √© TSM Yoda
1v6roma: Marshemello MUSICA
gnrezende: @yoda Posso ir no almo√ßo amanh√£ ??
vingadivo: como assim c9 yoda?
micaelxavier: SKT YODA PogChamp
me_marque_se_o_yoda: jukes ta stremando
ilawyettz: @by_hawk s
imarbleee: kkkkkkkkkkkkkkkkkkkkk
carubino: kkkkkkkkkkkkkkkkkk
geguigi300: KKKKKKKKKKKKKKKKK
gabg0d: kkkkkkkkkkkkkkk
paodoce789: KKKKKKKKKKKKKKKKKKKKKKK
suportetecnico: k
atoooooooom: kkkkkkkkkkkkkkkkkkkkkkkkkkk
me_nota_yoda_senpai: kkkkkkkkkkkkkkkkkkkkkkkkkkkkkkkkkkkkk
gdmito: LULW
thorasure: kkkkkkkkkkkkkkkkkkkkk
hellsncy: KKKKKKKKKKKKKKKKKKKKK
dace_bulk: kkkkkkkkkkkkkkkkkkkk
zukaa: kkkkkkkkkkkkk
mariosergiobkl: ushauhsuhauhsuhasa
voltei_a_jogar_lol: KKKKKKKKKKKKKKK
mithlorien: AUSHAUHSUAHSUHAUHSUAHS
zuedskr: QPOFKPQWOKFPKOQFWKQFWOP
thsxuza: kkkkkkkkkkkkkkkkkkkkkkk
destroidfextron: KKKKKKKKKKKKKKKKKKKKKKKKK
luck157bot: LUL LUL LUL
farelzera: kkkkkkkkkkkkkkkkkkkkkkkkkkkkkk
eversonrsn: KKKKKKKKKKKKKKKKKK
angelzl0: kkkkkkkkkkkkkkkkkkkkkkkkkkkkkkkk
tioobvio: kkkkkkkkkkkkkkkkkkkkkkkkkkkkkkkkkkkkkkkkk
nauttica1: kkkkkkkkkkkkkkkkkk
gabr1elsad: KKKKKKKKKKKKKKKKKKKKKKKKKKKKKKKKKKKKKKKKKKKKKKKKK
renanrc1: kkkkkkkkkkkkkkkkkkkkkkkk
danyelsalym: ASKOPEKASPOEKASPOEKJ
lucasony14: kkkkkk
by_hawk: na twitch?
lkonaw: kkkkkkkkkkkkkkkkkkkkkkkk
matheuskkkjota: KKKKK
viniciusfimo: KKKKKKKKKKKKKK
ogurot: kkkkkkkkkkkkkkkkkk
willian848: kkkkkkkkkkkkkkkkkkkkkkkkkkkkkkkkkkkkkkk
gabrieldait: LUL
willdalla: Nice F
vitoraguiart: AUSHUASHUSHUAHSU
quote_me_if_permabanned: kkkkkkkkkkkkkkkkk
04h00: kkkkkkkkkkkkkkkkkkkkkkk
so_lamento: UAHSUAHSUAHSUAS
shabaaal: LUL
rezendesleeper: eita
cejota1: LULW
paulogarciadasilva: kkkkkkkk
bieldorj: kkkkkkkk
haijisse: PSOKAPSKAOPKSPAOSKAOPSKAPSK
fandangueira: KKKKKKKKKKKKKKKKKKKKKKKKKKKKK
sousoueusoujose: kkkkkkkkkkkkkkk
b13l_m: kkkkkkkkkkkk
angelzl0: asghjkakjusygtaghjskl√ß
vingadivo: Pain
typhzz: @zeldris_the_executioner para de passar conhecimento pra pepega u fdp
ovo_de_abelha: kkkkkkkkkkkkkkkkkkkkk
brunaguexx: IIIIIIIIIIIIIIIIIIIIIIIIIIIHJ IH LLASD√áFKLJAS√áDLFJK√áAKLSFDJ
matadorleal: MEDO OU RESPEITO ?
juniinhooplay: kkkkkkkkkkkkkkkkkkkkkkkkkkk
davidmoros: DQAOIEFGWNSPGWEMJ R6IL
yan10br: kkkkkkkkkkkkkkkkkkkkkkkkkkkk
elisooon: kkkkkkkkkk
wallace_s_a: kkkkkkkkkkkkkkkkkk
ztpn: kkkkkkkkkkkkkkkkkkkkkkkkkkkkk
viniokta: kkkkkkkkkkkkkkkkkkkkkkkkkkkkkkkkkk
aminlol: LULW IHIIIIIIIIIIII
xblitz22: KKKKKKKKKKKKKKKKKKKKKKKKK AMIGO
imarbleee: T√Å EM SHOKKK
lucasony14: mds
junglesoul: KKKKKKKKKKKKKKKKKKKKKKKKKKKKKKKKK
rafon: AMKSLJJLKSJLKALJSKAKJSJKLALKJSJLKAS
lkonaw: F 190
henriquecasarim: kkk wtf
apertto: ou respeitp
kappomon: Belo Ghost
dinhogamerz: kkkkkkkkkkkkkkkkkkkkkkkkkkkkk
3led: BOTOU PRA RESPEITAR KKKKKKKKKKKKKKKKKKKKKKKKKKKKKKK
arturgtgat: ƒ∑kkkkkkƒ∑kkkkƒ∑
to100voce: kkkkkkkkkkkkkkkkkkkkkkkkkkkkkkkkkk
rezendesleeper: medo ou rx?
godbahiano: high elo gameplay
apsycheryi: kkkkkkkkkkkkkkkkkkkkkkkkkkkk
lucasony14: kkkkkkkkkkk
sandroljr: medl
alanzoka1v: eu de ryze
bchronic: ta em chok
fs0usa: @vingadivo ANCIENT √â O CARA QUE LEVOU O JUKES PRA C9
larisgo: kkkkkkkkkkkkkkkkkkkkkk
dubrils: LULW
felipems04: KKKKKKKKKKKKKKKKKKKKKKKK
rafaelmacedo2: IHIIIIIIIIIIIII
srbueno99: Respeitou
diogot2: ALguem ai sabe o canal do faker na twitch?
liimaer2: KKKKKKKKKKKKKKKKKKK
thiago5906: LUL LUL LUL LUL LUL LUL LUL
knnabis: LULW
marcelobritu: kkkkkkkkkkkkkkkkkkk
junior_1622: kkkkkkkkkkkkkkkkkkkkkkkkkkkkkkkkkkkkkk
ritogomesinc: Carai cago nas cal√ßas LUL
juniinhooplay: INSTA FLASH
alzshaco: joguei com a playlist do yoda meu QI aumentou em 97 e subi platina 2 LUL
sandroljr: M E D O
marlonalbert: @YoDa @YoDa que porra √© essa de "uh oh could not connect" ????? CHATO PRA CARALEO ...
juninhobrc: kkkkkkkkkkkkkkk rexpect
travianbr1: RYZE √â UMA M√ÉE LUL
arturgtgat: kakakakaka jjjjjj
binojaqo1: HAHAHAHA
rezendesleeper: @diogot2 FAKER
tmi.twitch.tv
: 
eaelucio: @diogot2 √© faker msm
lordfenixsombrio: essa girada q o yoda da √© mt perda tempo, enquanto ele gira e ja podia ter dado 2 at
henriquecasarim: RYZE DE P√ìS EM CHOQUE ?
tioobvio: YODINHA EST√Å TAO CRACUDO BibleThump BibleThump BibleThump BibleThump BibleThump
vizyhades: @marlonalbert Uh oh
micaelxavier: JUKES PC
giinn: PC Jukes
wallace_s_a: kkkkkkkkkkkkkkkkkkkk
masteralex30: @YoDa MECTRAB VS TIME DOS AMIGOS
priestbot: yodaPogChamp SEH LOIRO yodaPogChamp Instagram . . . . . . . . . . . . instagram.com/sehloirooficial Twitter . . . . . . . . . . . . . . . . . . twitter.com/oficial_sl Facebook . . . . . . . . . . facebook.com/SehLoirooficial
matheuslenzz: @marlonalbert n√© kkkk
destroidfextron: KKKKKKKK
jucatemaxuca: ele falo quinn
tecnolog1998: pc jukes
monkas2k18: FeelsBadMan
atoooooooom: kkkkkkkkkkkkkk
diogot2: @RezendeSleeper @eaelucio vlww =D ta off entao
rcwalger: no meio da tela em baixo, tem um quadradinho roxo.. clica nele,, e desativa o treco ali...
tecnolog1998: PC JUKES
xhellsend: asdasdpolaskd
docindegoiaba: !followage
priestbot: docindegoiaba has been following yoda for 11 months 11 days (341 days).
rivsss: kkj
fefonts: kkkkkkkkkkkkkkkkk
brunaguexx: kkkkkkkkkkkkkkkkkkkkkkkkkkkkkkkkkkkkkkkkkkkk
viniciusfimo: TRUE
guilhermekrt: farpas
pavick: MATTA
darknessberserk: kkkkk
scorpiontx: !elo
priestbot: ACTION ELO NA MAI
vctrgoms: errado n ta kkkkkkkkkkkkkk
thomasariel: i9
uemura_r: @marlonalbert tem um quadrado chamado Tiles, clica nele e deixa pra invisivel
vingadivo: gente como funciona o cajado do viktor?
me_nota_yoda_senpai: KRL CRUCIFICARAM AS PALAVRA NO CHAT NAZI MODS D++++
gil_donatello: farpas matta
yan10br: kkkkkkkkkkkkkkk
shabaaal: vdd, lembra akele streamer la SeriousSloth
alanzoka1v: EU DE VIKTOR SALVE YODAO
flowushura: !uptime
priestbot: yoda est√° streamando h√° 6h 29m 44s
salvedja: @alzshaco passa a playlist ai, md5 p sai do ouro KKKKKKKKKKKKKKKK
emersonsemidio: 450 QI ULT
alexbenkendorf: bando de corno
nipomiau: holy POGGERS
wigazin: SDFKLJANIUOFDHUIDFHUIDHUSADFUIDFHUSFD
cesarfreitasc1: na cleanse
burstieboy: KSKSKSSK
fumacinhax: kkkkkk
nelio41: kkkkkkkkkkk
mariosergiobkl: sauhuhsuhauhsahusuhasa
lastzinn19: @marlonalbert MANO EH SO APERTAR F5 QUE SAI
2key059: 9?
giinn: KKKkkkkkkkkkkkkk
lpaiva26: Koe maconheiro
gabg0d: kkkkkkkkkkkkkkkkkkkk
wigazin: KLKKKKKKKKKKKKKKKKKKKKKKKKKKKKKK
darkemaciel: kkkkkkkkkkkkkkkk
gebrascuro: n viu ele na ward?
arthurlul: LULW
brunaguexx: KA√áSLDKFJA√áLSDKFJL√áASKFJD√áLAKSJDF√áLAKJSDFL√áKJASDF√áLJ
imarbleee: ?
priestbot: ?
davidprozinhoooo: KKKKKK
orgutezinho: kkkkkkkkkkk
micaelxavier: KKKKKKKKKKKKKKKKKKKKK
willdalla: kkkkkkkkkkkk
godbahiano: ???????????
gabr1elsad: KKKKKKKKKKKKKKKKKKKKKKKKKKKKKKKKKKKKKKKKK
jeancarlomj12: ??????
cheroba: huhuhueheuhueuehhue
rezendesleeper: ?
farelzera: kkkkkkkkkkkkkkkkkkkkkkkkk
renanrc1: kkkkkkkkkkkkkkkkkk
destroidfextron: KKKKKKKKKKKKKKKKK
gabriel_silva008: ????????
rbdiogenes: interroga na√ß√£o?
xxxzerotwo: god
priestbot: Entre no site da Lolja e confira todos os produtos do YoDa htt
hanzoxl: LUL LUL LUL LUL
observar_e_absorver: kkkkkkkkkkkkkkk
jeancarlomj12: ??????????
ovo_de_abelha: ?
gil_donatello: kkkkkkkk
thiago5906: kkkkkkkkkkkkkkkkkkkk
gdmito: PepeLaugh
aminlol: ??????//
terehell: ?
lostth: INTERROGANA√á√ÉO
dohk0_: ?
haijisse: INTERROGA NA√á√ÉO LULW
zehdezed: ?
chaoz1: ¬ø
fs0usa: kjkjkjk
lucasfc1545: tilto
viniokta: ?
rafon: kkkkkkkkkkkkkkkkkkkk
darknessberserk: ?
rafaelmacedo2: KKKKKKKKKKKKKKKKKKKKKKK
danmgs: ?
ihn_jeferson: ?
ezktkah: ? Kappa
rafon: ?
r4ul94: interrogan√ß√£o
angelzl0: N/A mapa em yoda
darkraysan: KKKKKKKKKKKKKK
paimkill: ?
hewertton16: !duo
priestbot: ACTION Yodinha ta solo yodaLul
andre_abs: ?
priestbot: ?
godbahiano: ?
rafarundiss: Kappa
priestbot: Kappa
ritogomesinc: Ryze de p√≥s choque ta forte SeemsGood
ireloglol: Galio ban?
rafarundiss: ???
eduzuch: ?
bielhenricoficial: !elo
priestbot: ACTION ELO NA MAI
ppk2013: ?
defalt4life: ?
raulzito10: ENTEROROGACAO
r_oom_: hiiiiiiiii
anjaotv: ?
lucas_llv: manda o invertido
lukehra: !JUKES
priestbot: YOOOOOOOOODA QQ C√ä TA FAZENDO MENOR SwiftRage SwiftRage
luisfellipe: Jukes fala mto
tonadisneybr: ta tiltado com COLDZERA DAQUI DO TS KKKKKKKKKKKKKKKKKKKK
lucapmin: http
haankok: @YoDa ajuda o Garen que ele carrega
farpinhastofora: meu LUL
zatch7z: SoonerLater SoonerLater
wallace_s_a: aronga BibleThump BibleThump BibleThump
willdalla: Kreygasm
xblitz22: Maniaco do aronga
erickgutirz: kkkkkkkkkkk
docindegoiaba: !duo
priestbot: ACTION Yodinha ta solo yodaLul
olokobixu332: ele errou o q
gnrezende: Jukes tqrado do aronga
juniinhooplay: @luisfellipe n gostou muta a live
aplayerr: InterrogaNacao
juonouche: Q
priestbot: q
aupaka: mensagem exclu√≠da por um moderador.
lucapmin: ;-;
aut0fly: !PLAYLIST
priestbot: http
hazakura001: ryze stompando
carlosh785: rob√¥ kkjjjj
edubr064: ?
priestbot: ?
richard_august: nnnnnnnnnnn
lostth: MOTO
yutarian: BTAMAN
chaoz1: NANANANANNANANANANA
caule_do_yodaa: NOME DA MUSICA?
takinhass: nananananananannana
arthurlul: ?
yutarian: BATMAN
takiandy: que issop cara
me_nota_yoda_senpai: MDS @YoDa ARRUMA ESSES MODS NUTELLA APAGANDO AS PALAVRA
mtz_: MOTO
arthurcgabriel: ?
geandoidera: porra jukes seu merda
eversonrsn: CORTANDO GIRO
gabrieldait: moto
gimliprado: corto de giro
arturgtgat: aronga ferrando jukes
fs0usa: ?
gimliprado: saporra
xlovescontrol: MOTO
observar_e_absorver: nananananananannaa
xskulldeath: NANANNANANNANANNA
fuuujiii: essa skin √© foda
b13l_m: MOTO
lovee_uu: q
priestbot: q
juniinhooplay: TA LIGANDO A MOTO AI JUKERA?
norms10: GAREN 1v9
fs0usa: que isso mano
gil_donatello: √© uma moto sapoha
luiz446: bolololololololololo
imarbleee: LULW
moisesdofodase: kkkkkkkkkkkkkkkkkkkk
darkraysan: ?????????????
dolzer: JUKES TITANZEIRO
enzolug: uma moto
larisgo: KKKKKKKKKKKKKKKKKKKKKKKK
wigazin: ????????
dollyfat: KKKKKKKKKKKK
medakachaser: NNNNNNNNNNNNNNNNNNN
gabg0d: kkkkkkkkkkkkkkkkkkkkkkkk
xande_pimentel: KKKKKKKKKKKKKKKKKKK
willian848: nnnnnnnnnnnnnnnnnnnnnnnnnnnnnnnnnnn
mystikera: kkkkkkkkkkkkkkkkkkkkkkkkkkkk
aminlol: MOTO DO 190
giordani5: moto
nauttica1: kkkkkkkkkkkkkkkkkkkkkk
gabrielmeinjhin: Corto giro
cesarfreitasc1: kkkkkkkkkkkkkkkkkkk
mithlorien: qqqqqqq
yutarian: NANANANAN BATMAN
giinn: KKKkkkkkkkkkkkkkkkkkkkk
priestbot: Siga o YoGamers do Bem no instagram pra ficar por dentro de todas as novidades instagram.com/yogamersdobem/
moreeno01: YOSUP
atoooooooom: kkkkkkkkkkkkkkkkkkkkkkkkkkkkkk
hyourinmara: caralho
lemonshead: kkkkkkkkkkkkkkkkkkkkkkkkkk
hanzoxl: PogChamp
bruceleis: travo
destroidfextron: KKKKKKKKKKKKKKKKKKKKKKKKKKK
acetrainer_: kkkkkkkkkkkkkkkkkkkkkkk
iost_heaven: ???
lkonaw: kkkkkkkkkkkkkkkkkkkkkk
lordfenixsombrio: DJ HENRIQUE DE FERRAZ
black1nflame: kkkkkkkkkkkkkkkkkk
digg1: ?????
renanrc1: kkkkkkkkkkkkkkkkkkkkkkkkkkkk
lucasbeat: LUL
farelzera: kkkkkkkkkkkkkkkkkkkkkkkkkkkkkkkkkk
brunaguexx: 190
lovee_uu: ?
sanderson041: kkkkkkkkkkkkkkkkk
renanmtk: NUNUNUNUNUNUNUNUNUNUNUNUNUN
priestbot: ?
willian848: kkkkkkkkkkkkkkkkkkkkkkkkkkkkkkkkkk
lordeirotwd: PA
jonasrt98: kkkkkkkkkkkkkkkkkkk esse jukes veilho
angelzl0: kkkkkkkkkkkkkkkkkkkkkkkkkkkkkkkkkkkk
atawanc: KKKKKKKKKKKKKKKKKKKKKKKKKKKKKKKKKKKKKK
luisfellipe: KKKKKKKKKKKKKKK
giordani5: moto dando partida
th3kill: NICE GOD
ritogomesinc: DarkMode DarkMode
eduuaraujos: EKAPEOSAPOESKPOKESOAPKEAK
ministerio_da_talitha: KKKKKKKKKKKKKKKKKKKKKKKKKK
matheusvzz: KKKKKKKKKKKKKKKKKKKKKKKKKKKKKKKKKKKKKKKKKKKKK
mithlorien: NA hype
vineelol: q
vitoraguiart: AUHSUAHSUAHSUASHUASH
gimliprado: famoso corte de giro
allen_snow: lkkkkkkkkkkkkkkkkkkk
kauanpek: 160 rundo
pepega_clap_clap: kkkkkkkkkkkkkkkkk
qzsouza: NNNNNNNNNNNNNNNNNNNNNNNNNNNNNNNNNNNNNN
rezendesleeper: GAREN LUL
brunaguexx: KKKKKKKKKKKKKKKKKKKKKKKKKKKKKKKKKKKK
fornaus: RUSSO
zekejunior1: kkkkkkkkkkkkkkkkkkkk
travianbr1: GAREN PUTO
observar_e_absorver: kkkkkkkkkkkkkkkkkkkkkkkkkkkk
paulolduarte: KKKKKKKKKKKKKKKKKKKKKKKKKKKKKKKK
vingadivo: nanananananananananaanannanananananananan BATMAN
thiago5906: kkkkkkkkkkkkkk
dredinho182: @YoDa furinkazan √© o nome da fera!
maicon767: kkkkkkkkkkkkkkkk
wallace_s_a: DEMACIA
th3kill: kkkkkkkkkkkkkkkkkkkk
viniciuslbrt: q mongo KKKKKKKK
yan10br: kkkkkkkkkkkkkkkkkkkkkkkk
zenzosoares: KKKKKKK
darkraysan: AUHUHEUHEAUHEAUHEUHEAUHEAUHEAUHAEUHEAU
mithlorien: asuhauhsuahsuahs
mainyasuuu0: mkkkkkk
fs0usa: ANNANANANANANANANANAANANA
observar_e_absorver: INFARTO
xande_pimentel: kkkkkkkkkkkkkkkkkkkkkkkkkkkkkkkkk
jenifer_talia: kkkkkkkkkkkkkkkkkkkkkkkkkk
xxxzerotwo: kkkkkkkkkkkkkkkk
medakachaser: KKKKKKKKKKKKKKKKKKKKK
juninhobrc: kkkkkkkkkkkkk
wolflone100: KKKKKKKKKKKKKKKK
sweetlipe: jukes parece uma maoto
xapiusq: kkkkkkkkkkkkkkkkkk
fs0usa: DKFSJHSKADFHSKJDFHKJSDF
eduardogomesx: ryze √© o boneco mais fdp desse jogo
nandafrance: JUKES MT SEQUELADO
liimaer2: KKKKKKKKKKKKKKKKKKKKKKKKKKKK
raulzito10: QWOEDKQOKDQOPKQ
shakcal_: pq ta tao escuro? pq ta tao escuro? pq ta tao escuro? pq ta tao escuro?
iydebs: kkkkkkkkkkkkkkkkkkkkkkkkkkkkkkk
th3kill: jukes √© foda
priestbot: Quer assinar Twitch Prime e conseguir usar os subs de gra√ßa? S√≥ usar este lin
darak1: Jukes dando grau na moto
joseval1995: musica?
rafarundiss: LUL LUL LUL LUL
lovee_uu: !jukes
zaramba27: huahuahuahuahuauh
priestbot: YOOOOOOOOODA QQ C√ä TA FAZENDO MENOR SwiftRage SwiftRage
cuscogamer74: nanananannanananannanana
takinhass: 3
l_love_thresh: NAM NAM NAM NAM NAM NAM
defalt4life: jukes doidao
reidoforro7: kkkkkkkkkkkkkkkkkkkkkkkkkkkk
rafarundiss: kkkkkkkkk
gekkyuume: KKJJMKMKKKKKK
andre_abs: Jukes falando RUSSO
wigazin: BRABO
l_love_thresh: UMA MOTO CORTANDO GIRO
travianbr1: GAREN NEM TA FORTE LUL
yosabioconselheiro: NA MID
arrozcombanana: MECTRAB LUL
luck157bot: LUL LUL LUL
eversonrsn: NA BARRICADA
thiago5906: na miid
eaelucio: YODA REINICIA A PLACA!!
observar_e_absorver: NA MOTOCA
caule_do_yodaa: yODA
paulogarciadasilva: kkkkkkkkkkk
rhaikimi: kkkkkkkkkkkkkkkkkk
darksege67: !uptime
priestbot: yoda est√° streamando h√° 6h 31m 15s
eduardogomesx: P√Å
envinando: qqqq
mchagas23: VSF JUKES √â MUITO ENGRA√áADO
lucasony14: kkkkk
mizure_lol: guitarra humana agr moto humana LUL
alanzoka1v: I ESSE LEE SIM CRIMINOSOO
priestbot: yodaPogChamp SEH LOIRO yodaPogChamp Instagram . . . . . . . . . . . . instagram.com/sehloirooficial Twitter . . . . . . . . . . . . . . . . . . twitter.com/oficial_sl Facebook . . . . . . . . . . facebook.com/SehLoirooficial
yan10br: kkkkkkkkkkkkk
cebolaferro4: na mid
fpleite: mec doente
brunaguexx: AI MEU DEUS DO CEU
batatinjaoce69: vv
medakachaser: GAREN PogChamp
batatinjaoce69: BBB v
masteralex30: @YoDa MATA O KHA ZIX PELO MENOS
batatinjaoce69: vv.n.
menordzeroh: ERRRO
viscondevi: Jukes motoboy
observar_e_absorver: LUX ESPIRROU LUL
follynndo: GAREN SAIU VIVO KKKK
horozcorp: garen saiu vivo lul
espostidaniel: "Matei o Ryze" 0/2/1 LUL
vingadivo: hitbox?
addict17x: NA hitbox
gugu1nha: HITBOX DA ULT DA LUX OMEGALUL
kelvinroqueto: VIROU ARAM
fs0usa: JUKES DE MOTO KSJDKSJDKSJDKS
juninhobrc: O QUE QUE VOCE TA FAZENDO MENOR????? KKKKKKKKKKKKKKKKKKKKKKKKKKKKKKKKKK
aminlol: !JUKES
priestbot: YOOOOOOOOODA QQ C√ä TA FAZENDO MENOR SwiftRage SwiftRage
kaioh0use: YOARD
rafacosmico1: T√° no ganso
mr_treta: M√∫sica ???
bc22: yoard
digg1: paro paro
dankionn: @YoDa IAE REDE GLOBO 4Head
ilovetainha: mata o kha zix yoda
shakcal_: pq ta tao escuro?
priestbot: Entre no site da Lolja e confira todos os produtos do YoDa htt
hanzoxl: KappaPride KappaPride KappaPride
nunu_fon: !uptime
juninhobrc: eae chat koe????
priestbot: yoda est√° streamando h√° 6h 32m 9s
vedooovs: !duo
priestbot: ACTION Yodinha ta solo yodaLul
atoooooooom: ?
priestbot: ?
wigazin: garen 1v9
tamagushi12: LULW
vinystark: maluco ta tiltado
luisgm0: ?
bodaokot: Vem tranquilo
isscript: GAREN 1V9
marangaba: @YoDa manda interroga
6imatux9: yodaPogChamp yodaPogChamp yodaPogChamp yodaPogChamp yodaPogChamp yodaPogChamp yodaPogChamp
matadorleal: ??????????
rezendesleeper: ?
kappomon: vai morrrer
davidmoros: ?
vedooovs: na bot
mensk1: NA priest
angelzl0: esse ryze jogando pqp
alanrei69: GAREN 1V9 LUL
typhzz: @zeldris_the_executioner Pog colocou o Demon King pra respeitar
zlkz: !followage
tecnolog1998: vem tranquilo afoba n
priestbot: zlkz has been following yoda for 1 years 3 months (455 days).
hanzoxl: KappaPride KappaPride KappaPride KappaPride KappaPride
walkzzin: q
lucaoo: ?
priestbot: q
caio550ro: yo trol
priestbot: ?
guilherme_hue: sl
acetrainer_: LUL
guilhermison: lux r
yutarian: DEU OVER
nauttica1: kkkkkkkkkkkkkkkkkkkkkkkkkkk
giovaniq: !wave
priestbot: O YoDa morreu tentando pegar a SehLoiro Wave pela 165 vez.
geguigi300: kkkkkkkkkkkk
evertonjuliodasilva: bobo
0kaduh: ?
eversonrsn: ?
eduhespanhol: sl wavew
andrewstwit: YOGANANCIA
brunaguexx: KKKKKKKKKKKKKKKKKKKKKKKKKKKKKKKKKKKKKKKKASD√áLF
guilhermekrt: ganancia
projetosamurai: SL WAVE
cappetinha: WAVE SL
verad_: furinkazan, 1v9
isscript: 0/3
youthfossil: yopassinho
crnn2: wave do SL
rafacosmico1: T√° no ganso j√°
yoclean: yodaBobo yodaBobo yodaBobo yodaBobo yodaBobo yodaBobo
legendmontrose: obvio
alchemist_art: sl wave
luis_proddigy: ai over
saulslash1: garen imoral dms
apsycheryi: SL WAVE
mayconoc: YOTROLLL
mateussalome10: !wave
vinystark: SL AWVE
hoomuru: burro demais
atoooooooom: ai vc vacilou
g2rodrigueez: SL WAVE
vizyhades: TROLL
nakiiz: WAVE DO SEHLORIO
lucasony14: sl wave
guerreiro027: SL WAVE
sanderson041: ?
acetrainer_: KKKKKKKKKKKKKKKKK
juniinhooplay: A VIDA DO CARA PRA QUERER FICAR NO MID, BUNDA MOLY
tomoko_sastin: sl wave
juuuninmarcos: Animal
fs0usa: VAI B YODA
rhaikimi: jukes 1x9
terehell: KKKKKKKKKKKKKKKKKKKKKK
starswithalice: !wave
pablodorneles: !wave
rafarundiss: garen 1v9
gbsgibson: ?
angelzl0: kkkkkkkkkkkkkkkkkkkkkkkkkkkkkkkkkkkkkkkkkkk
danmgs: ?
martinez1v9: !WAVE
guigasgomes00: ashhaahahshsahassa
yutarian: G R E E D
danielrxrxrx: kkkkkkkkkkkkkkkkkkkkkkkkkkkkkkk
rcwalger: yodaKedepo yodaKedepo yodaKedepo yodaKedepo yodaKedepo yodaKedepo yodaKedepo yodaKedepo yodaKedepo
haijisse: SAIIIIIIIIIIIIIIIII
gui_: sl wave
atawanc: TROL
guts_pdz: !wave
ovo_de_abelha: VAI BASE CARAAAAAAAAAAA
duqqyz: ?
willian848: kkkkkkkkkkkkkkkkkkkkkkkkkkkkkkk
hyourinmara: WAVE SELOIRO
jamesdjr: GAREN 1V9
zukaa: seh loiro wave
itskouseiarima: SL WAVE
iost_heaven: SL WAVE yodaSehloiro
paulolduarte: ????
zighfreed: RAMELOU
gdmito: nice blue btw LULW
ionnilson: kkkkkkkkkkkkkkkkkkkkkkkkk
ritogomesinc: GANANCIOSOOOOOOLO
d3d1n40: yoganancia
6imatux9: SL WAVE
m1lgr4l: BELO BLUE
menordzeroh: GANANCIA
diogodogo: ?
mauryhs: NotLikeThis NotLikeThis NotLikeThis
thiago5906: na yodaaaaaaaa
zeldris_the_executioner: @Typhzz ü§î
gil_donatello: SL WAVE
cebolaferro4: garen 1v9
lp4rad1se: kkkkkkkkkkkkkkkkkkkkkkk
xkelsier: era t√£o √≥bvio
saulo_deff: garen ta quanto ?
aminlol: !WAVE
sanderson041: ??
hollyluken: SL WAVE
rafaelmacedo2: KKKKKKKKK
menordzeroh: MATOU O BORU
magreus: AI FOI NA WAVE DO SEH LOIRO
fs0usa: TROLLOU FDP
tamagushi12: PepeLaugher PepeLaugher PepeLaugher PepeLaugher
aueryuri: burro
ashurin12: !wave
sempremagnolia: ARAM
priestbot: yodaYO BURRO
vinicet: sl wave
paimkill: ?
giinn: WAVE SL
priestbot: ?
jack_neto: BLUEZIN
villanacci: trollo
jhonatancap: era obvio que ia acontecer isso mano
micheitemer: NA YODINHA
vctrgoms: era pra ter ido base
jullywe0: !farm
revitam12: Kappa Kappa Kappa
priestbot: O famoso 251 de farm por minuto.
seaquake1: KKKKKKKKKKKKKKKKKKKKKKKKKKKKK
xeliipe: t a r a d o
atawanc: 0/3
farelzera: lokkkkkkkkkkkkkkkkkkkkkkkkkkkk
juonouche: Wave da morte LUL
vingadivo: BOM FARME
faelcesar: f
diegozwx: na mid
vini_sgomes: mirim
vvvinicius: SEMPRE MORRE PRA GANANCIA
kaasab01: yoganacia
kaioh0use: DELIVERY DE BLUE
2key059: Hogan's i
5dethgun2: FEEDANDO KKKKKKK
n00bzln: kkkkkkkkkkkkk
viniokta: I N O C E N T E
nandafrance: sl wave
soareswalter: y√ìda
micheitemer: YOGANANCIA
davidcaetano: !wave
xeternalgray: furinkazan te campando e tu n ajuda o cara a te carregar
priestbot: O YoDa morreu tentando pegar a SehLoiro Wave pela 166 vez.
salveproxand: √© mt burro
kelvinroqueto: ARAM MID
005gvm: 0/3
gabriel_gon00: Ganancia matou o Homem
coktttel_motolov: ARAM
jullywe0: !catapa
high4i20: !playlist
priestbot: O YoDa perdeu a catapa pela 362 vez.
priestbot: http
2key059: 9?
jjvinking: YOTILTADO
s2mel: !duo
carnieljunior: GAREN CARREGANDO
priestbot: ACTION Yodinha ta solo yodaLul
renanmtk: CONVENHAMOS
juniinhooplay: TROLL TROLL TROLL TROLL TROLL TROLL TROLL TROLL TROLL TROLL TROLL TROLL TROLL TROLL TROLL TROLL TROLL TROLL TROLL TROLL TROLL
rbdiogenes: foi de ganancia LUL
reidoforro7: yodaYO yodaBURRO yodaBURRO yodaBURRO yodaBURRO
bielcorteez: Yoda joga uma de corki
fabiossoares: !wave
arturgtgat: yoganancia
vingadivo: 15 GOLD EORTH IT
juli_nick: tarado de wave
ltryde: A GAN√ÇNCIA MATOU O GOLUM
josafaolinda3: Zicou
jullywe0: q
priestbot: q
gabsol1: na musica
gabriielbrts: VAI UPA O BAST√ÉO DENOVO N√ÉO ?
robercinto: yotarado
mariosergiobkl: SAHUSUHAUHSAUHSUHASA
iamguii: moscou
2key059: t√° mutado
ogurot: lkkkkkkkkkk
hanzoxl: miau
lothruss: KKKKKKKKKKKKKKK
lordsaddlerbr: brendi
fabiossoares: q
tamagushi12: LULW
acreanolcrp: yoganancioso
bitolinha123: KKKKKKKKKKKKKKKKKKKKKKKKKKKKKKK
giinn: KKKKkkkkkkkkkkkkkkkkkk
rgs20: kkkkkkkkkkkkkkkkkkkkkkkkkkkkkkk
lkonaw: kkkkkkkkkkkkkk
danielrxrxrx: KKKKKKKKKKKKKKKKKKKKKK
matheussilvasg: KKKKKKKKKKKKKKKKKKKKKKKK
geandoidera: kkkkkkkkkkkkkkkkkkkkkkkkk
euquasefizzz: alguem tem conta bronze paara vender?!
wigazin: KKKKKKKKKKKKKKKKKKKKKKKKKKKKKKKKKKKKKKKKKK
rafarundiss: kkkkkkkkkk
gedsondosertao: yo burro
brunaguexx: DMDS
willdalla: man√≠aco dos aronga kkkkkkk
adailtonjns: kkkkkkkkkkkkkkkkkkkkkkk
atoooooooom: kkkkkkkkkkkkkkkkkkk
matheussilvasg: KKKKKKKKKKKKKK
darknessberserk: kkkkkkkkkkkkkkkkk
davidcaetano: aAIOUSJM
zumarabe: kkkkkkkkkkkkkkk
omaisbrooken: LUL
thiago5906: kkkkkkkkkkkkkkk
moreeno01: osadioadsdsaasd√áDSIASADOPDSAISDA]
verad_: kkkkkkkkkkkkkkkkk
jullywe0: KKKKKKKKKKKKKK
005gvm: aram MID 4Head se √© aram ja √© no mid ne
kaioh0use: KKKKKKKKKKKKKK
euquasefizzz: algueeem tem conta bronze para vender?!
davidcaetano: !wve
rafarundiss: tarado d
mystikera: kkkkkkkkkkkkkkkkkk
yan10br: kkkkkkkkkkkkkkkkkkkkkk
geguigi300: kkkkkkkkkkkkkkkkkkkkkkkkkkkkkkkkk
soldadovelho: !rakin
paulolduarte: KKKKKKKKKKKKKKKKKKKKKKKKKKKK
17gustavo17: YOBAG
jfmgc: !wave
emersonsemidio: kkkkkkkkkkkkkkkkkkkkkkkkkkkkkkkkkkkkkkkkkkk
farelzera: kkkkkkkkkkkkkkkkkkkkkkkkkkkkk
priestbot: O YoDa morreu tentando pegar a SehLoiro Wave pela 167 vez.
darkemaciel: aaaaaaaaaahhhhhhhhhhh
omaisbrooken: TILTO
destroidfextron: KKKKKKKKKKKKKKKKKKKKKKKKKK
pompig: @mauze gg
jorgevan14: q
alexsandry23: kkkkkkkkkkkkkkkkkkkkkkkkkkkkkkkkkkkkkk
priestbot: q
medakachaser: kkkkkkkkkkkkkkkkkkkkk LUL
takipariulek: KKKKKKKKKKKKKKKKKKKKKKKKKKKKKKKKKKKKKKKKKKKK
aplayerr: √â o Brad
iydebs: kkkkkkkkkkkkkkkkkkkk
luck157bot: LUL LUL LUL LUL
priestbot: yodaPogChamp SEH LOIRO yodaPogChamp Instagram . . . . . . . . . . . . instagram.com/sehloirooficial Twitter . . . . . . . . . . . . . . . . . . twitter.com/oficial_sl Facebook . . . . . . . . . . facebook.com/SehLoirooficial
jjvinking: GG
angelzl0: kkkkkkkkkkkkkkkkkkk
acetrainer_: Taradissim no Arongueijo LUL
vinicius_o_grande: KKKKKKKKKKKKKKKKKK
davidcaetano: !wave
akagamik: lkkkkkkkk
jfmgc: !duo
alexsandry23: kkkkkkkkkkkkkkkkkkkkkkkkkkkkkkkkkkkkkkkkkkk
priestbot: ACTION Yodinha ta solo yodaLul
henrytx: kkkkkkkkkkkkkkkkkkkkk
mafil3: kkkkkkkkkk
gil_donatello: llkkkkkkkk
izeusxz: mkkkkkkk
hellsncy: f
fs0usa: DFHJDFHKJHSKDFHSDJFS
typhzz: sou main viktor em um elo razoavelmente alto, e esse jogo t√° triste de assistir. muita vergonha alheia de alguns dos erros do yodinha. se quiser aprender a jogar de zoe, me manda PM, (sou gold 3 24pdl) tb dou coach.
jfmgc: !q
tmi.twitch.tv
: 
zeldris_the_executioner: 
edubr064: Kappa
jack_neto: SSJ BLUE?
priestbot: Kappa
vvvinicius: MATAVA SIM
takipariulek: NEM SEIS SE
g2rodrigueez: incredulo
revitam12: Kappa Kappa Kappa
leonimxd: CREDULO
juniinhooplay: !CATAPA
priestbot: O YoDa perdeu a catapa pela 363 vez.
priestbot: Siga o YoGamers do Bem no instagram pra ficar por dentro de todas as novidades instagram.com/yogamersdobem/
aminlol: JUKES 5Head
thiago1703: Typhz
noku_shai_sang: ?
priestbot: ?
euquasefizzz: alaguem tem conta bronze para vender?!
mariosergiobkl: cara ta full life ja
isscript: garen godp
noku_shai_sang: ue
xxpepinodomarxx: ?
biruleib_e: !pc
mythicalxd: ?
noku_shai_sang: chat bugo aki
kappomon: KK
yutarian: LUL
observar_e_absorver: GAREN √â MT BROKEN
rhaikimi: nossa suav
haijisse: TAMBEM, RIOT BUFFO ESSA MERDA DO CARALHO
sanderson041: que recall √© aquele?
luis_proddigy: kkkkkkk
dollyfat: AINDA DA TEMPO
wil_tey: !uptime
priestbot: yoda est√° streamando h√° 6h 34m 1s
omaisbrooken: LUL